Workbook

Sheet Data_QQQ
A1: Date | B1: Close/Last | C1: Volume | D1: Open | E1: High | F1: Low
A2: 44250 | B2: 321.48 | C2: 97241940 | D2: 317 | E2: 323.2 | F2: 311
A3: 44251 | B3: 324.13 | C3: 58206270 | D3: 318.74 | E3: 324.45 | F3: 315.96
A4: 44252 | B4: 312.83 | C4: 110182600 | D4: 321.39 | E4: 324.03 | F4: 311.24
A5: 44253 | B5: 314.14 | C5: 104739800 | D5: 315.85 | E5: 319.11 | F5: 310.88
A6: 44256 | B6: 323.59 | C6: 49164520 | D6: 319.27 | E6: 323.94 | F6: 317.935
A7: 44257 | B7: 318.4 | C7: 48370030 | D7: 324.25 | E7: 324.33 | F7: 318.14
A8: 44258 | B8: 309.16 | C8: 86301070 | D8: 317.27 | E8: 318.24 | F8: 309.1
A9: 44259 | B9: 304.1 | C9: 139131600 | D9: 308.78 | E9: 312.04 | F9: 300.11
A10: 44260 | B10: 308.68 | C10: 121523700 | D10: 306.795 | E10: 309.609 | F10: 297.45
A11: 44263 | B11: 299.94 | C11: 88409780 | D11: 308.12 | E11: 310.06 | F11: 299.51
A12: 44264 | B12: 311.77 | C12: 80391110 | D12: 307.47 | E12: 313.73 | F12: 306.92
A13: 44265 | B13: 310.88 | C13: 76798070 | D13: 316.16 | E13: 316.47 | F13: 310.17
... A1256: 46073 | B1256: 608.81 | C1256: 74127320 | D1256: 600.12 | E1256: 610.35 | F1256: 599.23

Sheet Calcs
A1: Date | B1: Close/Last | C1: Daily Return | D1: Equity ($1 Start) | E1: Running Peak | F1: Drawdown | G1: Rolling 20D Vol
A2: 44250 | B2: 321.48 | D2: =1 -> 1 | E2: =D2 -> 1 | F2: =0 -> 0
A3: 44251 | B3: 324.13 | C3: =IFERROR((B3/B2)-1,"") -> 0.0082431255 | D3: =D2*(1+C3) -> 1.0082431 | E3: =MAX(E2,D3) -> 1.0082431 | F3: =D3/E3-1 -> 0
A4: 44252 | B4: 312.83 | C4: =IFERROR((B4/B3)-1,"") -> -0.034862555 | D4: =D3*(1+C4) -> 0.97309319 | E4: =MAX(E3,D4) -> 1.0082431 | F4: =D4/E4-1 -> -0.034862555
A5: 44253 | B5: 314.14 | C5: =IFERROR((B5/B4)-1,"") -> 0.0041875779 | D5: =D4*(1+C5) -> 0.9771681 | E5: =MAX(E4,D5) -> 1.0082431 | F5: =D5/E5-1 -> -0.030820967
A6: 44256 | B6: 323.59 | C6: =IFERROR((B6/B5)-1,"") -> 0.030082129 | D6: =D5*(1+C6) -> 1.0065634 | E6: =MAX(E5,D6) -> 1.0082431 | F6: =D6/E6-1 -> -0.0016659982
A7: 44257 | B7: 318.4 | C7: =IFERROR((B7/B6)-1,"") -> -0.016038815 | D7: =D6*(1+C7) -> 0.99041931 | E7: =MAX(E6,D7) -> 1.0082431 | F7: =D7/E7-1 -> -0.017678092
A8: 44258 | B8: 309.16 | C8: =IFERROR((B8/B7)-1,"") -> -0.029020101 | D8: =D7*(1+C8) -> 0.96167724 | E8: =MAX(E7,D8) -> 1.0082431 | F8: =D8/E8-1 -> -0.046185173
A9: 44259 | B9: 304.1 | C9: =IFERROR((B9/B8)-1,"") -> -0.01636693 | D9: =D8*(1+C9) -> 0.94593754 | E9: =MAX(E8,D9) -> 1.0082431 | F9: =D9/E9-1 -> -0.061796193
A10: 44260 | B10: 308.68 | C10: =IFERROR((B10/B9)-1,"") -> 0.015060835 | D10: =D9*(1+C10) -> 0.96018415 | E10: =MAX(E9,D10) -> 1.0082431 | F10: =D10/E10-1 -> -0.04766606
A11: 44263 | B11: 299.94 | C11: =IFERROR((B11/B10)-1,"") -> -0.028314112 | D11: =D10*(1+C11) -> 0.93299739 | E11: =MAX(E10,D11) -> 1.0082431 | F11: =D11/E11-1 -> -0.074630549
A12: 44264 | B12: 311.77 | C12: =IFERROR((B12/B11)-1,"") -> 0.039441222 | D12: =D11*(1+C12) -> 0.96979594 | E12: =MAX(E11,D12) -> 1.0082431 | F12: =D12/E12-1 -> -0.038132848
A13: 44265 | B13: 310.88 | C13: =IFERROR((B13/B12)-1,"") -> -0.0028546685 | D13: =D12*(1+C13) -> 0.9670275 | E13: =MAX(E12,D13) -> 1.0082431 | F13: =D13/E13-1 -> -0.04087866
A14: 44266 | B14: 318.04 | C14: =IFERROR((B14/B13)-1,"") -> 0.023031395 | D14: =D13*(1+C14) -> 0.98929949 | E14: =MAX(E13,D14) -> 1.0082431 | F14: =D14/E14-1 -> -0.018788758
... A20: 44274 | B20: 313.14 | C20: =IFERROR((B20/B19)-1,"") -> 0.0035251891 | D20: =D19*(1+C20) -> 0.97405748 | E20: =MAX(E19,D20) -> 1.0082431 | F20: =D20/E20-1 -> -0.033906149
A21: 44277 | B21: 318.61 | C21: =IFERROR((B21/B20)-1,"") -> 0.017468225 | D21: =D20*(1+C21) -> 0.99107254 | E21: =MAX(E20,D21) -> 1.0082431 | F21: =D21/E21-1 -> -0.017030204 | G21: =_xlfn.STDEV.S(C2:C21)*SQRT(252) -> 0.33835403
A22: 44278 | B22: 317.22 | C22: =IFERROR((B22/B21)-1,"") -> -0.0043627005 | D22: =D21*(1+C22) -> 0.98674879 | E22: =MAX(E21,D22) -> 1.0082431 | F22: =D22/E22-1 -> -0.021318607 | G22: =_xlfn.STDEV.S(C3:C22)*SQRT(252) -> 0.32965203
A23: 44279 | B23: 311.87 | C23: =IFERROR((B23/B22)-1,"") -> -0.016865267 | D23: =D22*(1+C23) -> 0.97010701 | E23: =MAX(E22,D23) -> 1.0082431 | F23: =D23/E23-1 -> -0.03782433 | G23: =_xlfn.STDEV.S(C4:C23)*SQRT(252) -> 0.33289068
A24: 44280 | B24: 311.33 | C24: =IFERROR((B24/B23)-1,"") -> -0.0017314907 | D24: =D23*(1+C24) -> 0.96842727 | E24: =MAX(E23,D24) -> 1.0082431 | F24: =D24/E24-1 -> -0.039490328 | G24: =_xlfn.STDEV.S(C5:C24)*SQRT(252) -> 0.30905841
A25: 44281 | B25: 316 | C25: =IFERROR((B25/B24)-1,"") -> 0.015000161 | D25: =D24*(1+C25) -> 0.98295384 | E25: =MAX(E24,D25) -> 1.0082431 | F25: =D25/E25-1 -> -0.025082529 | G25: =_xlfn.STDEV.S(C6:C25)*SQRT(252) -> 0.31338257
A26: 44284 | B26: 315.91 | C26: =IFERROR((B26/B25)-1,"") -> -0.00028481013 | D26: =D25*(1+C26) -> 0.98267388 | E26: =MAX(E25,D26) -> 1.0082431 | F26: =D26/E26-1 -> -0.025360195 | G26: =_xlfn.STDEV.S(C7:C26)*SQRT(252) -> 0.29322789
A27: 44285 | B27: 314.32 | C27: =IFERROR((B27/B26)-1,"") -> -0.005033079 | D27: =D26*(1+C27) -> 0.97772801 | E27: =MAX(E26,D27) -> 1.0082431 | F27: =D27/E27-1 -> -0.030265634 | G27: =_xlfn.STDEV.S(C8:C27)*SQRT(252) -> 0.28832188
A28: 44286 | B28: 319.13 | C28: =IFERROR((B28/B27)-1,"") -> 0.015302876 | D28: =D27*(1+C28) -> 0.99269006 | E28: =MAX(E27,D28) -> 1.0082431 | F28: =D28/E28-1 -> -0.015425909 | G28: =_xlfn.STDEV.S(C9:C28)*SQRT(252) -> 0.27264741
A29: 44287 | B29: 324.57 | C29: =IFERROR((B29/B28)-1,"") -> 0.017046345 | D29: =D28*(1+C29) -> 1.0096118 | E29: =MAX(E28,D29) -> 1.0096118 | F29: =D29/E29-1 -> 0 | G29: =_xlfn.STDEV.S(C10:C29)*SQRT(252) -> 0.26900856
A30: 44291 | B30: 331.05 | C30: =IFERROR((B30/B29)-1,"") -> 0.019964877 | D30: =D29*(1+C30) -> 1.0297686 | E30: =MAX(E29,D30) -> 1.0297686 | F30: =D30/E30-1 -> 0 | G30: =_xlfn.STDEV.S(C11:C30)*SQRT(252) -> 0.27237051
A31: 44292 | B31: 330.82 | C31: =IFERROR((B31/B30)-1,"") -> -0.0006947591 | D31: =D30*(1+C31) -> 1.0290531 | E31: =MAX(E30,D31) -> 1.0297686 | F31: =D31/E31-1 -> -0.0006947591 | G31: =_xlfn.STDEV.S(C12:C31)*SQRT(252) -> 0.24573062
A32: 44293 | B32: 331.62 | C32: =IFERROR((B32/B31)-1,"") -> 0.0024182335 | D32: =D31*(1+C32) -> 1.0315416 | E32: =MAX(E31,D32) -> 1.0315416 | F32: =D32/E32-1 -> 0 | G32: =_xlfn.STDEV.S(C13:C32)*SQRT(252) -> 0.2094153
... A1256: 46073 | B1256: 608.81 | C1256: =IFERROR((B1256/B1255)-1,"") -> 0.0088488243 | D1256: =D1255*(1+C1256) -> 1.8937726 | E1256: =MAX(E1255,D1256) -> 1.9776347 | F1256: =D1256/E1256-1 -> -0.042405272 | G1256: =_xlfn.STDEV.S(C1237:C1256)*SQRT(252) -> 0.1701788

Sheet KPIs
A1: Risk- Free Rate | B1: 0.04
A2: Start Date | B2: =MIN(Calcs!A:A) -> 44250
A3: End Date | B3: =MAX(Calcs!A:A) -> 46073
A4: Total Trading Days | B4: =COUNT(Calcs!C:C) -> 1254
A5: CAGR (Annual Return) | B5: =(LOOKUP(9.9E+307,Calcs!D:D))^(252/COUNT(Calcs!C:C))-1 -> 0.13692273
A6: Annual Volatility | B6: =_xlfn.STDEV.S(Calcs!C:C)*SQRT(252) -> 0.2257731
A7: Sharpe Ratio | B7: =(B5-$B$1)/B6 -> 0.42929263
A8: Max Drawdown | B8: =MIN(Calcs!F:F) -> -0.35617218
A9: Best Day Return | B9: =MAX(Calcs!C:C) -> 0.12003076
A10: Worst Day Return | B10: =MAX(Calcs!C:C) -> 0.12003076

Sheet Dashboard
C2: CAGR | E2: Annual Vol | H2: Sharpe | K2: Max Drawdown
B3: =KPIs!B5 -> 0.13692273 | E3: =KPIs!B6 -> 0.2257731 | H3: =KPIs!B7 -> 0.42929263 | K3: =KPIs!B8 -> -0.35617218
